{
  "componentKey": "TextInput",
  "name": "TextInput",
  "label": "Text input",
  "description": "Text (single line)",
  "type": "Field",
  "subtype": "Text",
  "properties": [
    {
      "format": "SELECT",
      "name": "autocomplete",
      "label": "Autocomplete attribute",
      "defaultValue": "",
      "placeholder": "Does this field require an autocomplete value assigned to it?",
      "required": false,
      "helperText": "Autocomplete attributes allow browsers to complete information which has been provided before on any site.  This assists users when completing forms.  Please add the relevant autocomplete value if required.",
      "source": [
        { "key": "additional-name", "value": "additional-name" },
        { "key": "address-level1", "value": "address-level1" },
        { "key": "address-level2", "value": "address-level2" },
        { "key": "address-level3", "value": "address-level3" },
        { "key": "address-level4", "value": "address-level4" },
        { "key": "address-line1", "value": "address-line1" },
        { "key": "address-line2", "value": "address-line2" },
        { "key": "address-line3", "value": "address-line3" },
        { "key": "bday", "value": "bdady" },
        { "key": "bday-day", "value": "bdady-day" },
        { "key": "bday-month", "value": "bday-month" },
        { "key": "bday-year", "value": "bday-year" },
        { "key": "country", "value": "country" },
        { "key": "country-name", "value": "country-name" },
        { "key": "current-password", "value": "current-password" },
        { "key": "email", "value": "email" },
        { "key": "family-name", "value": "family-name" },
        { "key": "given-name", "value": "given-name" },
        { "key": "honorific-prefix", "value": "honorific-prefix" },
        { "key": "impp", "value": "impp" },
        { "key": "language", "value": "language" },
        { "key": "new-password", "value": "new-password" },
        { "key": "name", "value": "name" },
        { "key": "nickname", "value": "nickname" },
        { "key": "one-time-code", "value": "one-time-code" },
        { "key": "organization", "value": "organization" },
        { "key": "organization-title", "value": "organization-title" },
        { "key": "photo", "value": "photo" },
        { "key": "postal-code", "value": "postal-code" },
        { "key": "sex", "value": "sex" },
        { "key": "street-address", "value": "street-address" },
        { "key": "tel", "value": "tel" },
        { "key": "tel-area-code", "value": "tel-area-code" },
        { "key": "tel-country-code", "value": "tel-country-code" },
        { "key": "tel-external", "value": "tel-external" },
        { "key": "tel-local", "value": "tel-local" },
        { "key": "tel-national", "value": "tel-national" },
        { "key": "url", "value": "url" },
        { "key": "username", "value": "username" },
        { "key": "webauthn", "value": "webauthn" }
      ]
    },
    {
      "name": "ShowChangeLink",
      "label": "Show change link",
      "format": "BOOLEAN"
    },
    {
      "format": "TEXT",
      "name": "stepId",
      "label": "stepId for Changelink",
      "required": false,
      "visibility": "$this.ShowChangeLink"
    }
  ]
}
